{"iso_threshold": 0.0050549662370200565, "ae_threshold": 6.076092023849486}